,Date,Open,High,Low,Close,Volume,Dividends,Stock Splits
0,2023-05-04,23.854317695535848,25.209144661032948,23.592695088619745,25.134395599365234,77004200,0.0,0.0
1,2023-05-05,24.91015067904115,25.255866234533556,24.489686055085294,24.760652542114258,11289900,0.0,0.0
2,2023-05-08,24.601810791823087,25.08768063271303,24.20937773297481,24.769996643066406,6308300,0.0,0.0
3,2023-05-09,24.769993272503633,25.07833336377305,24.358872556758364,24.555089950561523,4684000,0.0,0.0
4,2023-05-10,24.555093031364958,25.012931298137467,24.302814257176525,24.527061462402344,9602400,0.0,0.0
5,2023-05-11,24.321501951632087,24.601810512415167,24.29347038269043,24.29347038269043,5687300,0.0,0.0
6,2023-05-12,24.312158131333593,24.87277703588861,24.200033637559244,24.760652542114258,5433500,0.0,0.0
7,2023-05-15,24.76065077348189,25.97065245803837,24.76065077348189,25.69501495361328,7083200,0.0,0.0
8,2023-05-16,25.73239299868406,25.94729635429745,25.218491577944327,25.25586700439453,3818400,0.0,0.0
9,2023-05-17,25.508144457813145,25.881891600326377,24.854090522731894,25.433395385742188,3392200,0.0,0.0
10,2023-05-18,25.43339517952382,25.554863534503273,24.947527106081342,25.26521110534668,2648100,0.0,0.0
11,2023-05-19,25.26521155267112,25.469837206260088,24.938183690912787,25.442739486694336,1794300,0.0,0.0
12,2023-05-22,25.536174422362716,25.629611202115456,24.256094638714355,24.358875274658203,7509400,0.0,0.0
13,2023-05-23,24.302814239004316,24.536405300376337,24.11594067704335,24.29347038269043,2485000,0.0,0.0
14,2023-05-24,24.30281507095786,24.80737085407144,24.162660785768445,24.71393585205078,1953600,0.0,0.0
15,2023-05-25,24.760650528309494,24.891460941942007,24.200031669350086,24.601808547973633,2139400,0.0,0.0
16,2023-05-26,24.695246498478003,24.695246498478003,24.48034315665129,24.57377815246582,844100,0.0,0.0
17,2023-05-30,24.555090546417077,24.76065001819876,23.48057034631586,24.041189193725586,6340200,0.0,0.0
18,2023-05-31,23.93841285142519,23.93841285142519,23.349762376352352,23.443199157714844,6347800,0.0,0.0
19,2023-06-01,23.639413468560097,23.95709743807679,23.125513873131595,23.6207275390625,6072700,0.0,0.0
20,2023-06-02,23.602042104163246,24.01316288945953,23.33107560548934,23.87300682067871,2329400,0.0,0.0
21,2023-06-05,23.901038791378717,24.078568507893113,23.200265564365473,23.4992618560791,4737300,0.0,0.0
22,2023-06-06,23.35910805194384,23.723509567263438,23.265671263304363,23.5179500579834,1315000,0.0,0.0
23,2023-06-07,23.45253895153245,23.597364244506693,23.27500927591189,23.43385124206543,1626600,0.0,0.0
24,2023-06-08,23.349760964981183,23.508602949048736,23.181575125126326,23.461885452270508,2711800,0.0,0.0
25,2023-06-09,23.405825879968344,23.508606527113827,23.21895408225483,23.452545166015625,1874000,0.0,0.0
26,2023-06-12,23.368452315853233,23.545982039143066,23.125517374024657,23.377796173095703,2619800,0.0,0.0
27,2023-06-13,23.349759431363537,23.564662753881723,23.32172786584276,23.48056983947754,2039800,0.0,0.0
28,2023-06-14,23.480574709747412,23.816946437133364,23.471232634794262,23.67679214477539,2412000,0.0,0.0
29,2023-06-15,23.73285146087529,24.246752864797035,23.52729196860161,24.059879302978516,1442900,0.0,0.0
30,2023-06-16,24.153316120359314,24.536405318723215,24.013161839862974,24.527061462402344,2333000,0.0,0.0
31,2023-06-20,24.24675232095368,24.648527440182647,24.237408464856497,24.349531173706055,1487500,0.0,0.0
32,2023-06-21,24.471002822329684,24.947528854626892,24.078569724094255,24.4803466796875,3605900,0.0,0.0
33,2023-06-22,24.48034318216938,24.85408851229201,24.479407549056276,24.807369232177734,1130700,0.0,0.0
34,2023-06-23,24.807367638661656,24.984897327375545,24.54574681546034,24.741962432861328,2793400,0.0,0.0
35,2023-06-26,24.844746967384197,24.85409082427624,24.31215959964717,24.433626174926758,2507300,0.0,0.0
36,2023-06-27,24.312157433529777,24.35887493166916,23.536635202171073,24.190689086914062,2904600,0.0,0.0
37,2023-06-28,24.20003468555586,24.312159184185827,23.985131327186735,24.106597900390625,1807900,0.0,0.0
38,2023-06-29,24.050535222719454,24.499029628317597,24.022503654060188,24.28412628173828,1353900,0.0,0.0
39,2023-06-30,24.330845918446027,24.91015075527091,24.26543892395178,24.685903549194336,3936300,0.0,0.0
40,2023-07-03,24.58312378848668,24.854090286012145,24.106597790263532,24.330846786499023,7558600,0.0,0.0
41,2023-07-05,24.209378255494983,24.5270622519983,23.938413542100047,24.01316261291504,1990700,0.0,0.0
42,2023-07-06,23.873006623430545,24.11127051266255,23.71416462466202,23.938413619995117,4856900,0.0,0.0
43,2023-07-07,23.938415827307516,23.9664456176899,23.55532479788185,23.564668655395508,1793700,0.0,0.0
44,2023-07-10,23.648756587267986,23.849645025911308,23.452540967472117,23.592695236206055,2121200,0.0,0.0
45,2023-07-11,23.807596520615505,23.873001721592008,23.36377322264314,23.43385124206543,1942600,0.0,0.0
46,2023-07-12,23.611382947279438,23.704819720488135,23.321728772116654,23.592695236206055,2320900,0.0,0.0
47,2023-07-13,23.751540649565918,23.826289722507052,23.246983070594407,23.732852935791016,2477900,0.0,0.0
48,2023-07-14,23.854318379391184,23.929067443201802,23.097482103380617,23.303043365478516,3830200,0.0,0.0
49,2023-07-17,23.265668624086253,23.415166756087196,23.11617049208531,23.256324768066406,1709200,0.0,0.0
50,2023-07-18,23.125514421008972,23.387137043914553,23.12084338406348,23.181575775146484,1713500,0.0,0.0
51,2023-07-19,23.246983468779945,23.396483399381395,22.891925811767578,23.359107971191406,2870800,0.0,0.0
52,2023-07-20,22.378024523826813,23.000309674995318,21.013851790674117,22.901268005371094,36675600,0.0,0.0
53,2023-07-21,23.032078395379056,23.24698174506131,22.219182496265013,22.434085845947266,14585700,0.0,0.0
54,2023-07-24,21.649219353854825,22.80783078912767,21.602501855059618,22.57423973083496,22641600,0.0,0.0
55,2023-07-25,22.742426681748682,23.47123146057129,22.564896969825526,23.47123146057129,15018100,0.0,0.0
56,2023-07-26,23.443199542541972,23.57400996930173,22.69103602435656,23.069454193115234,10716400,0.0,0.0
57,2023-07-27,23.312388253847924,23.35910575248957,22.38736609775,22.648988723754883,11476200,0.0,0.0
58,2023-07-28,22.639646614285144,22.826520187586034,22.47146075474604,22.79848861694336,13214600,0.0,0.0
59,2023-07-31,22.434085905200384,22.49949111769744,21.952888885693447,22.12574577331543,14630700,0.0,0.0
60,2023-08-01,21.9669011537504,22.209836044103287,21.845432817494874,22.09771156311035,14685500,0.0,0.0
61,2023-08-02,22.00427671602748,22.349992262329568,21.836092653074427,22.3313045501709,16233200,0.0,0.0
62,2023-08-03,22.452774979174905,22.831191383609166,22.191152331167245,22.4153995513916,16111000,0.0,0.0
63,2023-08-04,22.4434301663221,22.4434301663221,21.74265696465877,21.985591888427734,20999100,0.0,0.0
64,2023-08-07,22.116402561534876,22.12200923195757,21.78937470735976,21.994935989379883,15379100,0.0,0.0
65,2023-08-08,22.00427809517911,22.00427809517911,21.6865940972037,21.845436096191406,20150600,0.0,0.0
66,2023-08-09,21.770688321924254,21.90150054086804,21.546441095081605,21.817407608032227,40849100,0.0,0.0
67,2023-08-10,22.191151543128235,22.32196197140756,21.593158977098845,21.83609390258789,51365500,0.0,0.0
68,2023-08-11,21.770683450377163,22.237865513966014,21.723965956881536,22.163116455078125,46062600,0.0,0.0
69,2023-08-14,22.050996904496575,22.144433686979376,21.350223709113155,21.434316635131836,89481200,0.0,0.0
70,2023-08-15,21.415628620145824,22.209838586810072,21.154005989315728,21.733312606811523,105996500,0.0,0.0
71,2023-08-16,21.948214061160552,22.004275412156304,21.312846142681337,21.424970626831055,86179200,0.0,0.0
72,2023-08-17,21.602504578542618,21.761346589493613,21.06991540147735,21.284820556640625,71709300,0.0,0.0
73,2023-08-18,21.453000973433586,21.490376396515664,20.89238388446848,21.36890983581543,93530500,0.0,0.0
74,2023-08-21,21.64922285752295,22.135092765122035,21.312851108853028,21.396944046020508,178017500,0.0,0.0
75,2023-08-22,21.714624450215847,22.256555631303154,21.602501740836864,22.181806564331055,90558800,0.0,0.0
76,2023-08-23,22.284584486209493,22.471456239805843,22.06968116760254,22.06968116760254,119406800,0.0,0.0
77,2023-08-24,22.38736805948892,22.518180275033217,21.621189608814642,22.107059478759766,372341300,0.0,0.0
78,2023-08-25,21.862052393392624,21.9468622204006,21.503966057725286,21.645315170288086,86974600,0.2,0.0
79,2023-08-28,21.598199398550978,21.862052393392624,21.306077659607663,21.645315170288086,39395000,0.0,0.0
80,2023-08-29,21.41915452894347,21.79137520708833,21.268381914541994,21.541658401489258,59445800,0.0,0.0
81,2023-08-30,21.522810423198557,21.80550861335714,21.343767277510786,21.739545822143555,36094000,0.0,0.0
82,2023-08-31,21.75839527246092,21.98455420926387,21.683008960193273,21.720701217651367,36119700,0.0,0.0
83,2023-09-01,21.86205361762885,21.984555709416114,21.5510848336364,21.635892868041992,27565400,0.0,0.0
84,2023-09-05,21.59819776667644,21.654737047959376,21.28722902359326,21.306076049804688,28465000,0.0,0.0
85,2023-09-06,21.353195133180122,21.400310908672324,21.013955798111073,21.08934211730957,24727700,0.0,0.0
86,2023-09-07,21.145879798711587,21.277805386721525,19.75123042215101,19.77950096130371,102648300,0.0,0.0
87,2023-09-08,19.657000922773506,20.19412864086092,19.199970377889656,20.071624755859375,59635700,0.0,0.0
88,2023-09-11,20.853757607289783,20.90087517552922,20.354323965411883,20.797218322753906,42830600,0.0,0.0
89,2023-09-12,20.8066435151894,20.8443375728223,19.798350839079998,19.84546661376953,43697200,0.0,0.0
90,2023-09-13,19.873735920022924,20.64644607988683,19.864312406201233,20.354324340820312,35434500,0.0,0.0
91,2023-09-14,20.571059750683915,20.571059750683915,20.25538012598415,20.486249923706055,22195700,0.0,0.0
92,2023-09-15,20.46740167975712,20.60875258122112,19.97739157199012,19.99623680114746,32263700,0.0,0.0
93,2023-09-18,20.11874261595604,20.11874261595604,19.628730663590613,19.86431312561035,18035300,0.0,0.0
94,2023-09-19,19.704117492349337,19.883160671402432,19.49680556742316,19.84546661376953,21142800,0.0,0.0
95,2023-09-20,20.02450963608262,20.165858756396414,19.675846795113777,19.685270309448242,15623200,0.0,0.0
96,2023-09-21,19.713539387895413,20.03393166205831,19.51564919627647,19.638153076171875,20599600,0.0,0.0
97,2023-09-22,19.741811078730628,19.812484739077895,19.31776192724082,19.364877700805664,14865900,0.0,0.0
98,2023-09-25,19.327185508421746,19.647577802357674,19.28949145155796,19.62873077392578,16272000,0.0,0.0
99,2023-09-26,19.40257028043708,19.647576238495585,19.29891342966387,19.44968605041504,23574200,0.0,0.0
100,2023-09-27,19.515648768257837,19.600458591755693,18.884289544764876,19.05390739440918,25270500,0.0,0.0
101,2023-09-28,18.959676046481935,19.110448668146287,18.799479911294636,18.950252532958984,32556800,0.0,0.0
102,2023-09-29,19.101024972045245,19.152853397250354,18.865442528277597,18.921981811523438,27974000,0.0,0.0
103,2023-10-02,19.072755546444405,19.29891448999693,18.973811345643586,19.148141860961914,25296300,0.0,0.0
104,2023-10-03,19.21410504196544,19.402571730666903,18.76178714590379,18.837173461914062,24924500,0.0,0.0
105,2023-10-04,18.77121199524978,18.83717480178169,18.42254913555753,18.5921688079834,19610400,0.0,0.0
106,2023-10-05,18.667553394542633,18.75707587853216,18.450817965407538,18.620437622070312,18014900,0.0,0.0
107,2023-10-06,18.535627934580162,19.091602681265325,18.271774933616374,18.912559509277344,25090300,0.0,0.0
108,2023-10-09,18.72409439086914,18.964387705117964,18.535627707157182,18.72409439086914,16032800,0.0,0.0
109,2023-10-10,18.77121315430984,18.921985806364393,18.497936599116095,18.55447769165039,13937900,0.0,0.0
110,2023-10-11,18.686398848957896,18.73351461746277,18.243504514017474,18.44139289855957,20414700,0.0,0.0
111,2023-10-12,18.46966352485557,18.58274208873912,18.125713380570097,18.205810546875,14461500,0.0,0.0
112,2023-10-13,18.26234949584374,18.366006341973186,18.139847420978217,18.252927780151367,16410700,0.0,0.0
113,2023-10-16,18.252931737398935,18.582745778675918,17.993789565893128,18.413127899169922,15272000,0.0,0.0
114,2023-10-17,18.177542746531444,18.752362703654363,17.91368975487814,18.639284133911133,18750100,0.0,0.0
115,2023-10-18,18.648707619468624,18.921982327061862,18.55447427992385,18.903135299682617,18294200,0.0,0.0
116,2023-10-19,18.89371399535024,19.043544825038403,18.676978547199084,18.695825576782227,18831500,0.0,0.0
117,2023-10-20,18.724096917728527,18.874869566104607,18.58274598719318,18.601593017578125,24056500,0.0,0.0
118,2023-10-23,18.394278943803034,18.66284280493525,18.304756458524604,18.54505157470703,19716500,0.0,0.0
119,2023-10-24,18.545051027060474,18.84942351384545,18.516780485593994,18.827749252319336,21650900,0.0,0.0
120,2023-10-25,18.8465983166222,18.958735087726446,18.582745293142885,18.5921688079834,24711200,0.0,0.0
121,2023-10-26,17.762919018146068,18.026770240489775,17.43310319286478,17.612146377563477,60514900,0.0,0.0
122,2023-10-27,17.532047013228233,17.63099121941731,17.042035043503827,17.159826278686523,43215400,0.0,0.0
123,2023-10-30,17.282330887056546,17.786477250773785,16.792318896995326,17.56502914428711,39398800,0.0,0.0
124,2023-10-31,17.72522067483295,17.791183464474535,17.433098978983992,17.527332305908203,81622600,0.0,0.0
125,2023-11-01,17.50848904222631,17.810034315280756,17.343582032697032,17.791187286376953,20218100,0.0,0.0
126,2023-11-02,17.90426676775714,18.135138366912884,17.696954852229652,18.121002197265625,15439000,0.0,0.0
127,2023-11-03,18.366006341973186,18.57331823688074,18.186963188845418,18.252927780151367,16872900,0.0,0.0
128,2023-11-06,18.337738238203304,18.41312635256495,18.130426315763483,18.23408317565918,13242000,0.0,0.0
129,2023-11-07,18.300733365947558,18.672081441062105,18.268360977226717,18.662559509277344,12172600,0.2,0.0
130,2023-11-08,18.624472873121167,18.762538167903603,18.195996814444392,18.24360466003418,13552100,0.0,0.0
131,2023-11-09,18.357865157618164,18.37690720527335,18.129344240650653,18.30073356628418,10423400,0.0,0.0
132,2023-11-10,18.3292987679922,18.391190415203685,18.176951494950657,18.234081268310547,14475400,0.0,0.0
133,2023-11-13,18.234081689314205,18.272169416515368,18.086496286716685,18.186473846435547,14283900,0.0,0.0
134,2023-11-14,18.319780164773114,18.662562499455102,18.205520597294505,18.48164939880371,16003900,0.0,0.0
135,2023-11-15,18.653037577492583,18.82442871737271,18.557820075767754,18.662559509277344,16026300,0.0,0.0
136,2023-11-16,18.62447323835465,18.700646882465843,18.53877766171419,18.672082901000977,12665000,0.0,0.0
137,2023-11-17,18.62447192545239,18.862514773534787,18.548298286710935,18.738733291625977,12840900,0.0,0.0
138,2023-11-20,18.767295957484748,18.929165155495866,18.52925312606385,18.805383682250977,18248800,0.0,0.0
139,2023-11-21,18.795862489766197,19.08151498837147,18.77681862663463,18.948209762573242,17662900,0.0,0.0
140,2023-11-22,19.04342853705605,19.338601170866017,19.014862740446233,19.08151626586914,21322700,0.0,0.0
141,2023-11-24,19.15768976695189,19.51475404940451,19.15768976695189,19.281471252441406,12663700,0.0,0.0
142,2023-11-27,19.224341782574108,19.300515424734776,19.052950633681878,19.195775985717773,32839900,0.0,0.0
143,2023-11-28,19.18625405343233,19.281471560163887,19.1196023435571,19.195775985717773,19154500,0.0,0.0
144,2023-11-29,19.2624256327611,19.38620892309292,19.100556433489047,19.119600296020508,13457500,0.0,0.0
145,2023-11-30,19.252904406986943,19.48142531737021,19.081515086291564,19.462383270263672,47302700,0.0,0.0
146,2023-12-01,19.33859809269578,19.795641685089798,19.33859809269578,19.700424194335938,17798700,0.0,0.0
147,2023-12-04,19.633773803710938,19.852772775749436,19.519512443969322,19.633773803710938,22516200,0.0,0.0
148,2023-12-05,19.6052075890748,19.662337359658423,19.195773631626427,19.20529556274414,19199000,0.0,0.0
149,2023-12-06,19.25290479403222,19.281470589450425,18.300733406898864,18.462602615356445,37456400,0.0,0.0
150,2023-12-07,18.653039192411065,20.36504381050322,18.567343615051758,19.814687728881836,60070800,0.0,0.0
151,2023-12-08,19.88133913873061,19.995600512180008,19.61473229422021,19.62425422668457,24534800,0.0,0.0
152,2023-12-11,19.519513778949506,19.72899083399255,19.329078771730135,19.605209350585938,18094900,0.0,0.0
153,2023-12-12,19.671857544257453,19.909900352698244,19.39572883084983,19.757553100585938,17755000,0.0,0.0
154,2023-12-13,19.84325069147684,20.0336856842041,19.53379428232571,20.0336856842041,19393500,0.0,0.0
155,2023-12-14,20.119382272325968,20.24316557990307,19.833731559048406,20.052730560302734,19302400,0.0,0.0
156,2023-12-15,19.871816810372703,20.052728058688782,19.786121243855522,19.98607635498047,38178500,0.0,0.0
157,2023-12-18,20.090818717456,20.119382699716766,19.881339828221137,20.005123138427734,16832900,0.0,0.0
158,2023-12-19,21.185813385607897,21.23818310253399,20.219360007828225,20.443119049072266,50883800,0.0,0.0
159,2023-12-20,20.366942554543673,20.6430730901139,19.89561880054972,19.947988510131836,24956700,0.0,0.0
160,2023-12-21,20.043207008901486,20.224120081297894,19.91942552744466,20.205076217651367,14647200,0.0,0.0
161,2023-12-22,20.23364328045382,20.395512499342367,20.195555550775143,20.338382720947266,9576800,0.0,0.0
162,2023-12-26,20.233640790633153,20.371706069544565,20.124141305465624,20.271728515625,8128600,0.0,0.0
163,2023-12-27,20.252686003196406,20.5192928314209,20.2431640713137,20.5192928314209,10852400,0.0,0.0
164,2023-12-28,20.49548876599836,20.614510189513013,20.366945410667803,20.443119049072266,8146900,0.0,0.0
165,2023-12-29,20.385990398052915,20.528815750919012,20.309816755449468,20.50025177001953,9357100,0.0,0.0
166,2024-01-02,20.42407625480324,20.8097044905725,20.39551046039996,20.5383358001709,35216200,0.0,0.0
167,2024-01-03,20.395510889651895,20.56690202743328,20.171750035757007,20.252685546875,18892500,0.0,0.0
168,2024-01-04,20.271731097073538,20.362186731263968,19.89086106314496,19.90038299560547,16729000,0.0,0.0
169,2024-01-05,19.99559898294991,20.385989103517684,19.9375157441963,20.328859329223633,24853800,0.0,0.0
170,2024-01-08,20.233642280321355,20.614510477667544,20.233642280321355,20.59546661376953,14321000,0.0,0.0
171,2024-01-09,20.490726631133214,20.814465015567524,20.490726631133214,20.804943084716797,18106300,0.0,0.0
172,2024-01-10,20.75733518856568,20.85255268901507,20.519292345503583,20.728771209716797,17925900,0.0,0.0
173,2024-01-11,20.65259974630557,20.890642614422113,20.433598927384907,20.881120681762695,16607600,0.0,0.0
174,2024-01-12,20.94777065884219,20.985858386324487,20.414555186949688,20.4812068939209,16986400,0.0,0.0
175,2024-01-16,20.405032702030777,20.466924349450622,20.071772360084438,20.214597702026367,12962400,0.0,0.0
176,2024-01-17,20.052728507422806,20.228881518162645,19.92418515477053,19.97655487060547,14488900,0.0,0.0
177,2024-01-18,19.890859275082747,20.005120638214528,19.738512001655536,19.93846893310547,9154600,0.0,0.0
178,2024-01-19,19.947991807498656,19.947991807498656,19.548079741820768,19.71946907043457,15841200,0.0,0.0
179,2024-01-22,19.538556907058094,19.700426112261585,19.310035996674827,19.462383270263672,20041600,0.0,0.0
180,2024-01-23,19.60996997065496,19.976556189581054,19.576644115854666,19.90990447998047,16013200,0.0,0.0
181,2024-01-24,19.871817705951564,19.971795266019804,19.433817922221543,19.452861785888672,12345100,0.0,0.0
182,2024-01-25,19.614727778745962,19.795640821675264,19.463332174824135,19.757553100585938,12613600,0.0,0.0
183,2024-01-26,19.89086002570338,19.986077529219294,19.79564433831029,19.843252182006836,14121400,0.0,0.0
184,2024-01-29,19.84325069147684,20.10033738682184,19.824206828979577,20.0336856842041,10817100,0.0,0.0
185,2024-01-30,19.94799026957284,19.97655424741153,19.72232431113553,19.871816635131836,10593500,0.0,0.0
186,2024-01-31,19.947991473419577,19.95751158919187,19.73851260397289,19.767078399658203,13225600,0.0,0.0
187,2024-02-01,19.78612198674602,19.995599037140433,19.557601072827723,19.890859603881836,11400600,0.0,0.0
188,2024-02-02,19.728991259788387,19.91942627111777,19.64329568630245,19.833730697631836,12677200,0.0,0.0
189,2024-02-05,19.757555913349,19.757555913349,19.28432698979064,19.500469207763672,12643400,0.0,0.0
190,2024-02-06,19.46238355911106,19.75755617905485,19.4242958320872,19.614730834960938,13267100,0.0,0.0
191,2024-02-07,19.74803410132679,19.74803410132679,19.433817620193675,19.538557052612305,26170300,0.0,0.0
192,2024-02-08,18.900603289647986,19.086276428320343,18.37690791234036,18.405473709106445,44119600,0.0,0.0
193,2024-02-09,18.2816922220325,18.67684242195418,18.167430851091037,18.405473709106445,24589600,0.0,0.0
194,2024-02-12,18.53877665686733,18.700645868845278,18.38166931895738,18.653038024902344,17750800,0.0,0.0
195,2024-02-13,18.662654836712004,18.840622942162945,18.364437664227026,18.518356323242188,16678500,0.2,0.0
196,2024-02-14,18.48949916250523,18.62898854534415,18.287481574825804,18.36444091796875,15853000,0.0,0.0
197,2024-02-15,18.383679128910003,18.52797765159167,18.277859356010993,18.325958251953125,18646500,0.0,0.0
198,2024-02-16,18.287479502170473,18.374058982750526,18.196090865938313,18.325958251953125,16387200,0.0,0.0
199,2024-02-20,18.26823972828492,18.402918108629137,18.133561347940706,18.33557891845703,15817600,0.0,0.0
200,2024-02-21,18.374058428246943,18.6001254341789,18.181659180574222,18.566455841064453,12660700,0.0,0.0
201,2024-02-22,18.527979147310504,18.585698194071636,18.22976193171334,18.46063995361328,11359000,0.0,0.0
202,2024-02-23,18.422158847113792,18.59050866147165,18.325959215317212,18.451019287109375,13774600,0.0,0.0
203,2024-02-26,18.41253787728972,18.414462640478853,18.12394082965748,18.22014045715332,17420200,0.0,0.0
204,2024-02-27,18.191280884800875,18.24899993010511,18.00850176733952,18.20090103149414,15954200,0.0,0.0
205,2024-02-28,18.210520954926597,18.441398968168357,17.99888139998014,18.412538528442383,16447700,0.0,0.0
206,2024-02-29,18.431779321145626,18.53278811064114,18.18166100797431,18.277860641479492,19298500,0.0,0.0
207,2024-03-01,18.104700088500977,18.22014000560611,17.979641860254382,18.104700088500977,14047900,0.0,0.0
208,2024-03-04,18.04698056523569,18.354817889484924,17.902682048850757,18.239377975463867,18745500,0.0,0.0
209,2024-03-05,18.19128167174455,18.470260433351665,18.114322329724565,18.2874813079834,19216100,0.0,0.0
210,2024-03-06,18.277859783378577,19.008974394896356,18.26823963699416,18.8358154296875,17447900,0.0,0.0
211,2024-03-07,18.941634987334126,19.461110042134226,18.917585539077184,19.047452926635742,22510900,0.0,0.0
212,2024-03-08,18.9416348456911,19.364910269442937,18.922394553287308,19.259092330932617,11932400,0.0,0.0
213,2024-03-11,19.29757197377245,19.566930575322818,19.259093222039745,19.384151458740234,12106400,0.0,0.0
214,2024-03-12,19.42263152418077,19.614067483210313,19.355292334313862,19.374530792236328,12156700,0.0,0.0
215,2024-03-13,19.432254027599704,19.7689500177737,19.432254027599704,19.6342716217041,23717400,0.0,0.0
216,2024-03-14,19.489970962765646,19.59579073953851,19.158084164962574,19.307191848754883,18494000,0.0,0.0
217,2024-03-15,19.04745199916471,19.63907903963833,19.04745199916471,19.56692886352539,68561900,0.0,0.0
218,2024-03-18,19.34567149700993,19.605408100812394,19.210991287230797,19.4322509765625,18907400,0.0,0.0
219,2024-03-19,19.56692935148639,19.62464839290302,19.336051350964617,19.4322509765625,18217300,0.0,0.0
220,2024-03-20,19.393773437376655,19.639082612909746,19.312004935435983,19.6342716217041,13173300,0.0,0.0
221,2024-03-21,19.643889908026804,20.124886231107915,19.643889908026804,19.922866821289062,18323600,0.0,0.0
222,2024-03-22,19.990207997673558,20.076787483265708,19.75932998104628,19.817049026489258,10408800,0.0,0.0
223,2024-03-25,19.92286567866279,20.110455775184164,19.783378147459302,19.86514663696289,11924700,0.0,0.0
224,2024-03-26,19.932486817293842,20.221085709874643,19.855527479576697,20.134506225585938,14484300,0.0,0.0
225,2024-03-27,20.211465464023593,20.644361048485376,20.182605024450673,20.634742736816406,13286700,0.0,0.0
226,2024-03-28,20.759801421910293,20.759801421910293,20.548163698354106,20.64436149597168,14405400,0.0,0.0
227,2024-04-01,20.625120815082806,20.663599563012824,20.307663346525676,20.4231014251709,10457500,0.0,0.0
228,2024-04-02,20.442343653292752,20.490442551476004,20.009446230222057,20.0286865234375,15495100,0.0,0.0
229,2024-04-03,19.961345667271004,19.990206104687218,19.461109094521134,19.56692886352539,15066200,0.0,0.0
230,2024-04-04,19.73046851635104,19.797807705013675,19.384150591965724,19.403390884399414,12183400,0.0,0.0
231,2024-04-05,19.35529036640623,19.538067624645695,19.287949348530766,19.480348587036133,11313100,0.0,0.0
232,2024-04-08,19.480350291336578,19.489970437589005,19.287951035998546,19.297571182250977,9262800,0.0,0.0
233,2024-04-09,19.3264312370017,19.672749155786875,19.230231611244122,19.576549530029297,10106700,0.0,0.0
234,2024-04-10,19.374532099704,19.518832470419955,19.249473857919657,19.470731735229492,11808100,0.0,0.0
235,2024-04-11,19.201370900042676,19.220611191891667,18.614556677490135,18.710756301879883,25410000,0.0,0.0
236,2024-04-12,18.701136892782078,18.797336520962098,18.388488559910826,18.402917861938477,9414800,0.0,0.0
237,2024-04-15,18.566456679387926,18.614557410905586,18.287479776006684,18.402917861938477,13423300,0.0,0.0
238,2024-04-16,18.35481990324251,18.44139938954338,18.133562031520466,18.38368034362793,20306600,0.0,0.0
239,2024-04-17,18.59531669791103,18.614556990083127,18.32595811206746,18.53759765625,10022900,0.0,0.0
240,2024-04-18,18.633797860180707,18.864675868840745,18.527978084807447,18.8358154296875,11215700,0.0,0.0
241,2024-04-19,18.749235947083072,18.94163520506076,18.648227162329675,18.8358154296875,9506100,0.0,0.0
242,2024-04-22,18.8358154296875,18.96087366297428,18.451018748587433,18.8358154296875,17453800,0.0,0.0
243,2024-04-23,18.855054540297917,18.96568346449961,18.532786078618905,18.63379669189453,19765100,0.0,0.0
244,2024-04-24,18.537598075332625,18.614557410905586,18.378868413607293,18.402917861938477,22713800,0.0,0.0
245,2024-04-25,18.489497490166322,18.561647670586257,18.268239627999638,18.297100067138672,14246300,0.0,0.0
246,2024-04-26,18.277859222707924,18.35481855656722,18.119129564517046,18.14318084716797,15454700,0.0,0.0
247,2024-04-29,18.133561347940706,18.350010055533424,18.061411167124696,18.33557891845703,13240500,0.0,0.0
248,2024-04-30,18.191279567616018,18.335578087856003,18.027740755382634,18.104700088500977,26872700,0.0,0.0
249,2024-05-01,18.172038929061785,18.28747884396535,17.931540788296626,18.133560180664062,12771100,0.0,0.0
250,2024-05-02,18.220142032637433,18.527979399358397,18.220142032637433,18.393301010131836,22724700,0.0,0.0
251,2024-05-03,18.36443893927784,18.61455723625708,18.350009637385572,18.470258712768555,15941000,0.0,0.0
252,2024-05-06,18.585696343021766,18.643415384034345,18.215328979718514,18.35481834411621,26549600,0.0,0.0
253,2024-05-07,18.90896584550079,19.667267629496603,18.90896584550079,19.521440505981445,30039600,0.2,0.0
254,2024-05-08,19.521438781083404,20.104749077895704,19.43394214384694,19.881147384643555,24428800,0.0,0.0
255,2024-05-09,19.939478930413667,20.03669762749301,19.79851191236324,19.968645095825195,14394600,0.0,0.0
256,2024-05-10,20.01725351721866,20.04155772791539,19.76448564652933,19.968645095825195,15019500,0.0,0.0
257,2024-05-13,19.735319250668635,20.206828720707573,19.608936243945955,19.793651580810547,20853100,0.0,0.0
258,2024-05-14,19.929757885056308,20.367241116933084,19.822817127421427,20.056140899658203,21289500,0.0,0.0
259,2024-05-15,19.638102638330874,20.167942590406263,19.560328051525882,19.968645095825195,97658200,0.0,0.0
260,2024-05-16,20.07558214127335,20.36237625133264,19.94433719047074,20.026973724365234,71519400,0.0,0.0
261,2024-05-17,20.14363671443927,20.16308082489608,19.813094253843236,19.900590896606445,31071000,0.0,0.0
262,2024-05-20,19.92975536767692,19.978363785393366,19.327000974814673,19.346445083618164,24636700,0.0,0.0
263,2024-05-21,19.37561101264357,19.54088222689116,19.122843164130067,19.41449737548828,27778900,0.0,0.0
264,2024-05-22,19.327001571655273,19.570047376327608,19.254088942828975,19.327001571655273,15202600,0.0,0.0
265,2024-05-23,19.30755942953378,19.346445794276907,18.84091007256984,18.899242401123047,16089700,0.0,0.0
266,2024-05-24,18.928405631811138,19.006180211155037,18.602725160274883,18.811744689941406,24363700,0.0,0.0
267,2024-05-28,18.675638910965063,18.870076298189815,18.568700016854564,18.714527130126953,16231100,0.0,0.0
268,2024-05-29,18.52981197539676,18.6464747797089,18.325654385715982,18.3450984954834,13001900,0.0,0.0
269,2024-05-30,18.345100511767562,18.588146347696007,18.315934343910826,18.461761474609375,17340100,0.0,0.0
270,2024-05-31,18.481203732866852,18.802024129942712,18.345098671771755,18.76313591003418,31659300,0.0,0.0
271,2024-06-03,18.607588576415203,18.928409005170895,18.58814631883347,18.70480728149414,15902600,0.0,0.0
272,2024-06-04,18.724250325228063,18.724250325228063,18.38884775884625,18.6173095703125,18523500,0.0,0.0
273,2024-06-05,18.539536067934776,18.646476829116914,18.29649023200633,18.461761474609375,20674500,0.0,0.0
274,2024-06-06,18.32565403195956,18.452037034423352,18.00483364415972,18.111772537231445,27907800,0.0,0.0
275,2024-06-07,18.160384442314893,18.238159032578434,17.859008136830248,17.878450393676758,17923400,0.0,0.0
276,2024-06-10,17.771510778682476,17.89789378743538,17.58193348411449,17.781232833862305,16438100,0.0,0.0
277,2024-06-11,17.703454686735085,17.965944588422815,17.586793744402037,17.956222534179688,23197400,0.0,0.0
278,2024-06-12,17.98538897594914,18.08260766559651,17.4020786923572,17.46040916442871,19717800,0.0,0.0
279,2024-06-13,17.499297200767636,17.654846360875524,17.336942788083682,17.52846336364746,14768100,0.0,0.0
280,2024-06-14,17.39235900064295,17.57707435063654,17.25625392922269,17.567352294921875,15356100,0.0,0.0
281,2024-06-17,17.46041055719795,18.29648875884781,17.46041055719795,18.267324447631836,20146700,0.0,0.0
282,2024-06-18,18.257599140595204,18.35967792025468,17.88816852712459,18.004831314086914,21747100,0.0,0.0
283,2024-06-20,18.131217884290084,18.335377338258418,18.033999184985756,18.315933227539062,24977100,0.0,0.0
284,2024-06-21,18.383985716073045,18.461760304468946,17.8881720196895,18.014556884765625,63342100,0.0,0.0
285,2024-06-24,18.296487275321955,18.452036436836245,18.16524232261447,18.3742618560791,19862800,0.0,0.0
286,2024-06-25,18.25760090178604,18.345097536874988,18.0048330508949,18.131216049194336,15265400,0.0,0.0
287,2024-06-26,17.98538887852621,18.09232962198827,17.75206513721175,18.072885513305664,16542100,0.0,0.0
288,2024-06-27,18.043718802332947,18.102051126609332,17.82011712215009,17.90761375427246,18657600,0.0,0.0
289,2024-06-28,17.917337420866716,18.072886591018648,17.538186550407925,17.674291610717773,57323300,0.0,0.0
290,2024-07-01,17.7228994271403,17.883310546433094,17.38749688810853,17.4506893157959,21089800,0.0,0.0
291,2024-07-02,17.509020445534755,17.75206625651504,17.48957633562616,17.732622146606445,14781800,0.0,0.0
292,2024-07-03,17.8687269679524,17.902755086982676,17.69373554399697,17.800674438476562,5859500,0.0,0.0
293,2024-07-05,17.771510128296836,17.81039649330059,17.635403215052804,17.800674438476562,12172600,0.0,0.0
294,2024-07-08,17.78123212174978,17.78123212174978,17.499298095703125,17.74234390258789,15968400,0.0,0.0
295,2024-07-09,17.752064944237397,17.790951306887624,17.47499288854513,17.713176727294922,12147200,0.0,0.0
296,2024-07-10,17.63540278498256,17.732621476559633,17.18333744529763,17.207643508911133,24692600,0.0,0.0
297,2024-07-11,17.275698821474215,17.440970067508356,17.178480114226026,17.421525955200195,35772200,0.0,0.0
298,2024-07-12,17.60623990301739,17.89789414710345,17.4604109266819,17.82984161376953,12523500,0.0,0.0
299,2024-07-15,17.829841022180762,17.87844944315147,17.586795208742412,17.606239318847656,14171600,0.0,0.0
300,2024-07-16,17.547906515363138,17.84928465099074,17.504158195952186,17.74234390258789,15408300,0.0,0.0
301,2024-07-17,17.761787951297055,18.24787956340069,17.761787951297055,17.927059173583984,17834900,0.0,0.0
302,2024-07-18,17.93678105075739,18.228435273415098,17.800674139797106,17.810396194458008,14131000,0.0,0.0
303,2024-07-19,17.946501490310766,17.975667654682184,17.649987163516926,17.74234390258789,15412400,0.0,0.0
304,2024-07-22,17.703456280388398,17.761788611098204,17.49929868578131,17.722900390625,15788700,0.0,0.0
305,2024-07-23,17.58679497401407,17.7229000343494,17.411801693987282,17.431245803833008,12491000,0.0,0.0
306,2024-07-24,17.421522159368763,17.742342525382064,17.353469635410214,17.664567947387695,9390800,0.0,0.0
307,2024-07-25,17.82011848661932,18.18954729719553,17.732621847797418,17.74234390258789,11082200,0.0,0.0
308,2024-07-26,17.859008520087016,18.262463636270915,17.80067618541817,18.170106887817383,11484600,0.0,0.0
309,2024-07-29,18.131217180117954,18.37426299179324,18.004834173935453,18.27704429626465,12564800,0.0,0.0
310,2024-07-30,18.00483193510173,18.286764077355812,17.79581241470839,18.22843360900879,12381300,0.0,0.0
311,2024-07-31,18.150661234043927,18.238157874320287,17.849284947698905,17.97566795349121,42056200,0.0,0.0
312,2024-08-01,18.150660756015586,18.179826920103693,17.878448787403592,18.111772537231445,12817600,0.0,0.0
313,2024-08-02,18.13121469739871,18.315930008180608,17.907613026305544,18.296485900878906,17688600,0.0,0.0
314,2024-08-05,18.189547234001008,18.345098255815802,17.601376828413475,17.68401336669922,21724900,0.0,0.0
315,2024-08-06,19.589493965065984,20.338075583230786,19.357141834870593,20.27974510192871,44403600,0.0,0.0
316,2024-08-07,20.114471673514963,20.464456377581786,19.88114791937296,20.046419143676758,24344700,0.0,0.0
317,2024-08-08,19.99780869379174,20.77069443385699,19.842259525728878,20.658893585205078,21849700,0.0,0.0
318,2024-08-09,20.610284562809433,20.644310826434836,20.333212499406997,20.435291290283203,20636700,0.0,0.0
319,2024-08-12,20.493623434203,20.566537921798922,20.26029966990548,20.503345489501953,17481100,0.0,0.0
320,2024-08-13,20.55195200963894,20.89221649644131,20.532509755132846,20.746389389038086,16625400,0.0,0.0
321,2024-08-14,20.770930874080314,21.075230379019985,20.731667327771103,20.790563583374023,16462400,0.205,0.0
322,2024-08-15,20.80037923950017,21.222473113749093,20.790562885182972,21.173391342163086,10727900,0.0,0.0
323,2024-08-16,21.045782506808393,21.31081658459034,20.967253544451122,21.27155303955078,11269800,0.0,0.0
324,2024-08-19,21.330448891683673,21.51695587587533,21.23228722251553,21.242103576660156,10019600,0.0,0.0
325,2024-08-20,21.242104320803936,21.31081692994531,21.001610188809124,21.153759002685547,11291400,0.0,0.0
326,2024-08-21,21.251919962391458,21.448243301019538,21.17339100139585,21.29118537902832,8446800,0.0,0.0
327,2024-08-22,21.29118686680746,21.36480671972879,20.839643905321346,21.163576126098633,12239500,0.0,0.0
328,2024-08-23,21.21265680766253,21.502232707704856,21.20284045332301,21.418794631958008,6785500,0.0,0.0
329,2024-08-26,21.458061204178964,21.64947544340606,21.404072188545012,21.55622100830078,9431500,0.0,0.0
330,2024-08-27,21.595485291879594,21.68383060876499,21.34026569557491,21.516956329345703,10096300,0.0,0.0
331,2024-08-28,21.54640533954479,21.553276600346173,21.193024072870084,21.320632934570312,7896100,0.0,0.0
332,2024-08-29,21.408978652250525,21.526773034107883,21.134128215046996,21.350082397460938,12053500,0.0,0.0
333,2024-08-30,21.42861141011051,21.551313033364067,21.320633382518356,21.546405792236328,14008500,0.0,0.0
334,2024-09-03,21.350082464777703,21.83107260367862,21.25192079163343,21.693647384643555,13879900,0.0,0.0
335,2024-09-04,21.63475007557215,22.2138999871216,21.59548465931627,22.096107482910156,22620800,0.0,0.0
336,2024-09-05,22.14518738095191,22.26298175744145,21.968496752356643,22.096107482910156,15490300,0.0,0.0
337,2024-09-06,22.096107565679265,22.577097682946935,22.086291211578523,22.439672470092773,18883300,0.0,0.0
338,2024-09-09,22.44949002763401,22.80286943281362,22.213901261143334,22.773422241210938,21843100,0.0,0.0
339,2024-09-10,22.73415676982229,23.03453010605147,22.46912081234542,22.626178741455078,15021200,0.0,0.0
340,2024-09-11,22.724339673835235,22.80286863582805,22.258073142881198,22.665443420410156,12941500,0.0,0.0
341,2024-09-12,22.67526091389979,22.763606234614947,22.351328695370288,22.655628204345703,9269900,0.0,0.0
342,2024-09-13,22.734156073083494,22.979559313831178,22.616363566000363,22.95992660522461,11090800,0.0,0.0
343,2024-09-16,23.067905774363584,23.116985676036045,22.74397355540195,22.950111389160156,9220800,0.0,0.0
344,2024-09-17,23.038455567372743,23.087537338889167,22.724339718780207,22.95992660522461,13263700,0.0,0.0
345,2024-09-18,23.009008358349384,23.08753732043475,22.650719851817524,22.76360511779785,15225500,0.0,0.0
346,2024-09-19,22.91084738989455,23.018825418175773,22.464213553292485,22.47893714904785,13622500,0.0,0.0
347,2024-09-20,22.41022419599546,22.606547540359085,22.29242981492165,22.596731185913086,75871900,0.0,0.0
348,2024-09-23,22.41022419599546,22.724340049154723,22.341511587151643,22.596731185913086,20080800,0.0,0.0
349,2024-09-24,22.60654679917256,22.768511961525853,22.37586715795017,22.685075759887695,14365300,0.0,0.0
350,2024-09-25,22.7832366763399,22.903976152950907,22.518202591074047,22.577098846435547,12625600,0.0,0.0
351,2024-09-26,22.724340808913624,22.861767903474128,22.606548296179746,22.704708099365234,12504500,0.0,0.0
352,2024-09-27,22.714522974953663,23.004098868961226,22.60654682402546,22.832317352294922,12450000,0.0,0.0
353,2024-09-30,22.93048051461526,23.058089382123338,22.65072095652451,22.704708099365234,17088300,0.0,0.0
354,2024-10-01,22.743973493920624,22.753789848684228,22.26298334417345,22.36114501953125,13640500,0.0,0.0
355,2024-10-02,22.282616002964154,22.312063194909683,21.988130977561276,22.21390151977539,16504900,0.0,0.0
356,2024-10-03,22.066659141773204,22.135371750188163,21.84088860775886,21.86052131652832,10312400,0.0,0.0
357,2024-10-04,21.889969626934505,21.940032475173577,21.71328085580733,21.752544403076172,8451600,0.0,0.0
358,2024-10-07,21.801622739002894,21.82616456059587,21.477690540123653,21.585668563842773,9859300,0.0,0.0
359,2024-10-08,21.66419827750979,21.66910739091015,21.35989877642403,21.448244094848633,11377100,0.0,0.0
360,2024-10-09,21.418795367060014,21.482600736317647,21.104679506527376,21.13412857055664,10437800,0.0,0.0
361,2024-10-10,21.14394410228777,21.202840355775777,20.859275444585794,20.927988052368164,11911600,0.0,0.0
362,2024-10-11,20.996701817142263,21.114496202887306,20.918172850738316,21.065414428710938,14513000,0.0,0.0
363,2024-10-14,20.96725391383156,21.28627700990652,20.898541304593202,21.20284080505371,18677100,0.0,0.0
364,2024-10-15,21.193025232731326,21.58076282463322,21.143945330686282,21.359899520874023,11925300,0.0,0.0
365,2024-10-16,21.261737447492088,21.448244441881517,21.222473901044857,21.3304500579834,13919600,0.0,0.0
366,2024-10-17,21.43842767649447,21.43842767649447,20.977070248978226,21.055599212646484,12260700,0.0,0.0
367,2024-10-18,21.114495110528832,21.340265643225163,20.991793489853244,21.320632934570312,13309700,0.0,0.0
368,2024-10-21,22.528018551830392,22.959926913301416,22.380775107583553,22.49856948852539,38291800,0.0,0.0
369,2024-10-22,22.135372619777446,22.62617912462642,22.115741782514945,22.508386611938477,18080900,0.0,0.0
370,2024-10-23,22.400407024955868,22.532924996728728,22.096107537335662,22.341510772705078,10664000,0.0,0.0
371,2024-10-24,22.47893677479295,22.665443764461283,22.356235152799233,22.547649383544922,11664200,0.0,0.0
372,2024-10-25,22.537832582352642,22.59673070778239,22.21390038160155,22.223716735839844,8395700,0.0,0.0
373,2024-10-28,22.429857617574832,22.469121164328214,22.159914414706286,22.459304809570312,10540300,0.0,0.0
374,2024-10-29,22.30224689094963,22.48777281310874,22.213901570355432,22.36114501953125,13109200,0.0,0.0
375,2024-10-30,22.233533140218878,22.567281695960922,22.14518782415315,22.469120025634766,15919800,0.0,0.0
376,2024-10-31,22.26298335951399,22.73906626834653,22.195251822193217,22.508386611938477,34406400,0.0,0.0
377,2024-11-01,22.43967395664841,22.670351740324104,22.302246862412044,22.312063217163086,15528900,0.0,0.0
378,2024-11-04,22.390591121376758,22.797961398979957,22.32187851365529,22.616363525390625,17341800,0.0,0.0
379,2024-11-05,22.5182029971405,23.13661837028353,22.498570287573234,22.80286979675293,17781300,0.0,0.0
380,2024-11-06,23.116985157053893,23.116985157053893,21.894878033430885,22.086292266845703,16727100,0.0,0.0
381,2024-11-07,21.762359751696412,22.955019667257577,21.634750888625344,22.547649383544922,28744400,0.0,0.0
382,2024-11-08,22.449490463870923,23.283860028315853,22.420041399417787,23.244596481323242,16635100,0.0,0.0
383,2024-11-11,23.32312546905744,23.440917982421947,23.058089505569935,23.342758178710938,13838400,0.0,0.0
384,2024-11-12,23.323125047296006,23.50963204107508,23.197478328975276,23.215147018432617,10714200,0.0,0.0
385,2024-11-13,23.22009765767478,23.36862668443675,22.81411743648917,22.913135528564453,16481200,0.205,0.0
386,2024-11-14,22.992350863576487,23.517155433156358,22.90323307084313,23.378528594970703,14017300,0.0,0.0
387,2024-11-15,23.289411590206118,23.893429897486282,23.210195981612863,23.586469650268555,16166900,0.0,0.0
388,2024-11-18,23.571617292414963,23.769655369393387,23.43794059891376,23.487449645996094,14591600,0.0,0.0
389,2024-11-19,23.3587246171571,23.56666487795925,23.01215562717113,23.457744598388672,9838300,0.0,0.0
390,2024-11-20,23.428039194830276,23.546863555908203,23.331000401661974,23.546863555908203,7418800,0.0,0.0
391,2024-11-21,23.556764652169356,24.002351736110146,23.45774467063283,23.853822708129883,8331200,0.0,0.0
392,2024-11-22,24.012255071444383,24.071666307747844,23.765695702243754,23.843921661376953,10505900,0.0,0.0
393,2024-11-25,24.007303798703173,24.16078297602647,23.749852601902308,24.002351760864258,26971900,0.0,0.0
394,2024-11-26,24.037008842782214,24.220194584024103,23.705294071110437,23.883529663085938,12315700,0.0,0.0
395,2024-11-27,23.972646321125374,24.16573614424481,23.81421509855236,23.893430709838867,11666900,0.0,0.0
396,2024-11-29,23.764706050089288,24.00235288395228,23.645881688833214,23.843921661376953,7516500,0.0,0.0
397,2024-12-02,23.87362673589282,24.032057948593682,23.64093006595448,24.02215576171875,10173800,0.0,0.0
398,2024-12-03,23.893430618412026,23.992450604303553,23.20029449446963,23.24980354309082,13665700,0.0,0.0
399,2024-12-04,23.220097279983776,23.29436084783229,21.95759585141986,22.932939529418945,27219800,0.0,0.0
400,2024-12-05,23.160685689051775,23.2299991124147,22.774509822515967,22.903234481811523,13914400,0.0,0.0
401,2024-12-06,23.01215545643426,23.121077623845757,22.596273049266514,22.616077423095703,9708800,0.0,0.0
402,2024-12-09,22.774508238935184,23.03195942827407,22.517057049596296,22.58637046813965,15267200,0.0,0.0
403,2024-12-10,22.546763979535655,22.749754089447897,22.17048843177455,22.517057418823242,10492300,0.0,0.0
404,2024-12-11,22.52695988447407,22.551714407716208,21.97245063152414,22.002155303955078,9433200,0.0,0.0
405,2024-12-12,21.764508503572,22.413087589615568,21.55062655179412,22.10117530822754,14949900,0.0,0.0
406,2024-12-13,22.06156956998274,22.091274243953833,21.724902748216504,21.99225425720215,9184000,0.0,0.0
407,2024-12-16,22.111077447676678,22.254656326427924,21.833821877189692,21.853626251220703,7786300,0.0,0.0
408,2024-12-17,21.883332436035822,21.957596004401744,21.64568561769663,21.82392120361328,10278500,0.0,0.0
409,2024-12-18,21.784313897619448,21.95264730782884,21.259509291990376,21.299118041992188,15271800,0.0,0.0
410,2024-12-19,21.309020247335106,21.546667081597498,21.210000260896823,21.39813804626465,13048400,0.0,0.0
411,2024-12-20,21.309019136881073,21.754606219659223,21.259508201917463,21.556568145751953,22915000,0.0,0.0
412,2024-12-23,21.497154602346576,21.61201845829101,21.318920905918997,21.378332138061523,13256800,0.0,0.0
413,2024-12-24,21.269411479101084,21.42784270180712,21.160491193896405,21.3486270904541,9164900,0.0,0.0
414,2024-12-26,21.289214742259848,21.556568124857023,21.22980350901016,21.507057189941406,5970300,0.0,0.0
415,2024-12-27,21.37833327815758,21.591225584058176,21.31892204284668,21.31892204284668,9833600,0.0,0.0
416,2024-12-30,21.21990199808513,21.24960667133183,20.972352981567383,20.972352981567383,7123700,0.0,0.0
417,2024-12-31,21.041666052473616,21.21990164357254,21.0119594910741,21.14068603515625,6934200,0.0,0.0
418,2025-01-02,21.309019815283825,21.368431050482542,20.942646439485323,21.071372985839844,8253900,0.0,0.0
419,2025-01-03,21.110979450591383,21.1406860119583,20.888184961962207,20.992156982421875,6079200,0.0,0.0
420,2025-01-06,21.38823578664874,21.38823578664874,20.853528994874175,20.903039932250977,10740100,0.0,0.0
421,2025-01-07,20.942646004713808,21.110979408156478,20.734705741510602,20.843626022338867,8828800,0.0,0.0
422,2025-01-08,20.78421480856625,20.903039165261436,20.526763609600916,20.893136978149414,7579300,0.0,0.0
423,2025-01-10,20.69509696794533,20.76044989182248,20.47725451790452,20.645587921142578,11057100,0.0,0.0
424,2025-01-13,20.625783179424175,20.883234373238835,20.497058526841364,20.7644100189209,12682000,0.0,0.0
425,2025-01-14,20.77431299238886,20.917891875103226,20.724803944593823,20.823823928833008,7275900,0.0,0.0
426,2025-01-15,20.98225472761869,21.04958695572447,20.556470125978365,20.645587921142578,10050000,0.0,0.0
427,2025-01-16,20.536665067349883,21.007008550896668,20.516860693829198,20.982254028320312,8810500,0.0,0.0
428,2025-01-17,20.992156960620555,21.135733952122177,20.82382355701434,20.893136978149414,11267000,0.0,0.0
429,2025-01-21,20.99215689395882,21.011959379470902,20.407941076748283,20.59607696533203,19203400,0.0,0.0
430,2025-01-22,20.596076963619815,20.645587899018583,20.398038887971953,20.546567916870117,19218300,0.0,0.0
431,2025-01-23,20.516861355630855,20.61588133777932,20.284166569528395,20.546567916870117,12575000,0.0,0.0
432,2025-01-24,20.586177059095398,20.65549048133088,20.51191159890075,20.576274871826172,12092500,0.0,0.0
433,2025-01-27,20.91294066278703,21.32882306453319,20.86838176657676,21.22980308532715,15342800,0.0,0.0
434,2025-01-28,21.190195850577652,21.437744871936385,21.110980239288825,21.150588989257812,13831600,0.0,0.0
435,2025-01-29,21.22980458208539,21.299118005821697,21.00205804726005,21.101078033447266,12249200,0.0,0.0
436,2025-01-30,21.289214742259848,21.556568124857023,21.170390387111418,21.507057189941406,11733100,0.0,0.0
437,2025-01-31,21.20009649656158,21.417938939603744,21.066419808109913,21.081274032592773,16433400,0.0,0.0
438,2025-02-03,20.972352982183935,21.066420928549764,20.84362643594742,21.021862030029297,9693600,0.0,0.0
439,2025-02-04,20.704999905276132,20.912942064410384,20.536666495938558,20.605979919433594,11813700,0.0,0.0
440,2025-02-05,20.794116151279418,20.843625196180007,20.388135939417786,20.536664962768555,19231100,0.0,0.0
441,2025-02-06,20.333675427388634,20.893136715978645,19.556371691014903,19.605880737304688,25808800,0.0,0.0
442,2025-02-07,19.704901177373653,20.03166580098267,19.645489942712675,19.98215675354004,17734300,0.0,0.0
443,2025-02-10,20.071274613141075,20.536666081976122,20.001961191043204,20.37823486328125,14043000,0.0,0.0
444,2025-02-11,20.388137479647195,20.754508972346823,20.328726243548445,20.704999923706055,10921800,0.0,0.0
445,2025-02-12,20.530000686645508,21.024999618530273,20.500999450683594,20.959999084472656,10317000,0.205,0.0
446,2025-02-13,20.899999618530273,21.584999084472656,20.8799991607666,21.450000762939453,14062000,0.0,0.0
447,2025-02-14,21.469999313354492,22.139999389648438,21.354999542236328,21.93000030517578,27015700,0.0,0.0
448,2025-02-18,21.790000915527344,22.200000762939453,21.725000381469727,22.0,14108300,0.0,0.0
449,2025-02-19,22.1299991607666,22.315000534057617,21.790000915527344,22.270000457763672,14198000,0.0,0.0
450,2025-02-20,22.270000457763672,22.579999923706055,21.885000228881836,22.389999389648438,19044800,0.0,0.0
451,2025-02-21,22.360000610351562,23.440000534057617,22.34000015258789,23.31999969482422,25663000,0.0,0.0
452,2025-02-24,23.299999237060547,23.53499984741211,22.950000762939453,23.299999237060547,18229000,0.0,0.0
453,2025-02-25,23.299999237060547,23.700000762939453,23.225000381469727,23.3700008392334,22641600,0.0,0.0
454,2025-02-26,23.399999618530273,23.440000534057617,22.895000457763672,23.219999313354492,14615800,0.0,0.0
455,2025-02-27,23.059999465942383,23.2450008392334,22.829999923706055,23.139999389648438,15159100,0.0,0.0
456,2025-02-28,23.25,23.6299991607666,23.145000457763672,23.600000381469727,30981700,0.0,0.0
457,2025-03-03,23.5,23.889999389648438,23.469999313354492,23.790000915527344,12834400,0.0,0.0
458,2025-03-04,23.920000076293945,24.360000610351562,23.40999984741211,23.420000076293945,15368100,0.0,0.0
459,2025-03-05,23.43000030517578,23.479999542236328,22.825000762939453,23.040000915527344,17384400,0.0,0.0
460,2025-03-06,23.09000015258789,23.239999771118164,22.940000534057617,23.18000030517578,9739200,0.0,0.0
461,2025-03-07,23.030000686645508,23.610000610351562,23.020000457763672,23.420000076293945,14446300,0.0,0.0
462,2025-03-10,23.530000686645508,24.354999542236328,23.440000534057617,23.920000076293945,18035100,0.0,0.0
463,2025-03-11,24.049999237060547,24.149999618530273,23.3799991607666,23.489999771118164,16475100,0.0,0.0
464,2025-03-12,23.079999923706055,23.299999237060547,22.774999618530273,23.06999969482422,13897400,0.0,0.0
465,2025-03-13,23.100000381469727,23.350000381469727,22.940000534057617,23.18000030517578,16433800,0.0,0.0
466,2025-03-14,23.219999313354492,23.25,22.71500015258789,22.809999465942383,15798900,0.0,0.0
467,2025-03-17,22.969999313354492,23.655000686645508,22.788000106811523,23.40999984741211,16372400,0.0,0.0
468,2025-03-18,23.399999618530273,23.68000030517578,23.290000915527344,23.514999389648438,6679345,0.0,0.0
